{
  "shape": [
    16,
    2
  ],
  "no_mutate": false,
  "mutate_func": "gauss",
  "mutate_fraction": 0.15,
  "mutate_deviation": 0.5,
  "score_limit": 400,
  "balls": 30,
  "population_size": 80,
  "childs": 3,
  "generation_count": 100,
  "sandbox_width": 600,
  "sandbox_height": 600,
  "random_state": null,
  "best_nn": [
    [
      [
        -0.6805859181254961,
        -1.4201705445459305,
        0.08862516563429337,
        -0.6480829588910639,
        -0.3577438869516436,
        0.5115450148744753,
        -0.040637190852008453,
        -0.2464707501405019,
        -0.7005442177765631,
        1.2846549696345326,
        0.12423510727499032,
        0.055291009748776654,
        -1.2352367800642075,
        0.6003490027955871,
        0.42308018897488303,
        -0.21346564836120052
      ],
      [
        -0.42839455342496735,
        -0.6368977850300062,
        -0.19743269574898398,
        -0.5992972082383642,
        -1.8378354675115611,
        0.041600150519627954,
        0.33829774622591013,
        -0.9520842992005867,
        0.7689508759961954,
        0.6219743862427106,
        1.056232070395248,
        -0.23285214683379807,
        -0.2256844100801667,
        -1.6078046128553862,
        1.141103667349531,
        -0.972661247059012
      ]
    ]
  ],
  "best_score": 400
}