{
  "shape": [
    19,
    2
  ],
  "no_mutate": false,
  "mutate_func": "gauss",
  "mutate_fraction": 0.03,
  "mutate_deviation": 0.5,
  "score_limit": 6000,
  "balls": 40,
  "population_size": 50,
  "childs": 3,
  "generation_count": 800,
  "sandbox_width": 600,
  "sandbox_height": 600,
  "random_state": 123,
  "best_nn": [
    [
      [
        -3.9336570925521794,
        -4.40447712628354,
        -6.290466496724144,
        -3.0738870093559876,
        -0.4389640340243196,
        0.0363252429295336,
        1.526774231856582,
        3.3167935625537366,
        2.2590301055579443,
        3.6128090314931702,
        2.0412123641756037,
        3.1997541018842655,
        2.457163428271093,
        1.4918132806281938,
        0.8991845476584043,
        -0.5185980181784426,
        -0.7556919044842645,
        -1.53391218059603,
        -2.2068750399438724
      ],
      [
        0.07182992989379566,
        -2.577453245137801,
        -4.511830978415346,
        -3.4971292498610658,
        -4.773247066190358,
        -3.4128169426897137,
        -0.9576183764277444,
        -1.5859825061008976,
        -0.3605164283337687,
        0.39967034003137936,
        1.5458640537928627,
        3.188166322098274,
        2.7748775078119827,
        3.178610872776438,
        3.0802449159248915,
        5.199712878167212,
        2.134979206372574,
        1.1974607604623695,
        1.221588805025256
      ]
    ]
  ],
  "best_score": 2777
}