{
  "shape": [
    17,
    34,
    2
  ],
  "no_mutate": false,
  "mutate_func": "gauss",
  "mutate_fraction": 0.03,
  "mutate_deviation": 0.5,
  "score_limit": 8000,
  "balls": 40,
  "population_size": 50,
  "childs": 3,
  "generation_count": 800,
  "sandbox_width": 600,
  "sandbox_height": 600,
  "random_state": 123,
  "best_nn": [
    [
      [
        0.22853084028058512,
        4.664543699402114,
        2.0184147758512956,
        1.8290874898266747,
        -1.01934809935811,
        -0.244258570810994,
        -3.1913779289433197,
        1.0056904740232304,
        -4.200924383420576,
        0.5593735474460441,
        2.403700604165126,
        2.61351839635145,
        -2.4535629826454928,
        -3.3170356073844056,
        3.4848659776991067,
        0.8462557825065572,
        3.037851515777552
      ],
      [
        -0.3495364249729507,
        -1.169894003282228,
        -0.6112319188572787,
        1.1029404159253056,
        0.8386417548793701,
        0.39290551404490304,
        2.616063248144047,
        -1.7631863983966594,
        -6.957993351021426,
        1.4069770810097633,
        -0.9508314647072658,
        0.07446202842494509,
        -1.7516234666676609,
        -2.0008938955367372,
        0.7134147148977809,
        -4.492217140809641,
        -2.4020469751357503
      ],
      [
        0.8379100235122665,
        -0.8786273038405565,
        3.2721674456398633,
        -0.9830089925096247,
        3.0146433111579043,
        4.233012671123092,
        1.689627678805401,
        1.3754035875857775,
        -0.8195995886666121,
        -2.8712158811826987,
        -4.470089957101253,
        -0.8678208211484342,
        1.4397305060207177,
        -1.0417346982416384,
        -1.0522723960993798,
        0.7976479206271699,
        -1.7118808462578194
      ],
      [
        0.3918154330475745,
        3.094464547993101,
        2.058060774259283,
        1.7605799675265223,
        1.119252234574154,
        0.18987440139822542,
        -0.24047243039052327,
        0.6698389373280519,
        1.3644688573469228,
        0.9658509864615461,
        4.89994805492477,
        -1.7191531755484897,
        -0.5025445234165977,
        -0.14044369968559112,
        -4.682215692946121,
        -2.4632958526678124,
        -3.5938096371188255
      ],
      [
        1.9758674871440336,
        1.6613659706222923,
        -3.9932720435348403,
        -0.9648910817003071,
        0.5103583683171764,
        -5.9268407295324375,
        0.9464751230405001,
        -0.7084783512887822,
        -4.077349877465867,
        1.498516221681943,
        2.1811104811973356,
        2.2574843752644584,
        3.4713188359888694,
        4.280620656075572,
        -1.0256418753364147,
        -2.7925429859960653,
        -1.0763390930202168
      ],
      [
        -3.400060598827812,
        1.151014511286938,
        4.9279766408077075,
        1.066313926583486,
        -0.54839624109424,
        -1.508040230287803,
        1.4817753307077162,
        -3.4218216503186385,
        4.6293687552028375,
        2.3604326920888323,
        1.1739038651554166,
        -1.0409606564015936,
        0.8151163246115569,
        -1.7271620062991062,
        0.31702597496907137,
        2.45156751674985,
        0.3817477114035638
      ],
      [
        0.1385066065317591,
        -2.414529565280218,
        -3.1867340959212074,
        -0.5317445469305796,
        1.5174611499646422,
        0.9217317551086565,
        1.696948505711073,
        1.8765003320188778,
        6.61323866648394,
        -0.8466362256313202,
        -0.9607562061488407,
        -2.4706131544967604,
        -2.7005683495609363,
        0.31234298026796636,
        -0.8105034698320639,
        -0.4855637254584067,
        2.3960731115193914
      ],
      [
        3.97355159525463,
        2.2451079291666596,
        4.004168430753429,
        -0.4265407860462874,
        -1.5304604331366791,
        -0.6252740237626493,
        -0.4740445104997566,
        -0.7251001175762102,
        1.9193879397139502,
        0.7929804546741701,
        -1.2953287972069958,
        -1.5297985078705458,
        1.0709149411429504,
        0.33044757868130425,
        1.1538682307383332,
        1.5575348258782988,
        -2.2973832853939014
      ],
      [
        -0.5589379979550719,
        -2.2116974656560386,
        -0.43604210656538755,
        -1.4685780908113264,
        -0.8203905378362247,
        0.05286207501727069,
        -0.7247433819524909,
        -0.1647756022994698,
        -2.04054297482333,
        -0.7442001322953711,
        0.29668362593791886,
        2.1240432540837486,
        -0.12620567048880738,
        1.5740640490680924,
        -1.0486035605971962,
        0.5406595111937971,
        1.6467591785765132
      ],
      [
        -2.2041709128612563,
        0.27904337044753513,
        4.7077800676274695,
        3.402089379283909,
        9.930485550751031,
        -1.7629498321342134,
        -4.481262353085808,
        -1.784881656745361,
        1.6828271039910483,
        1.0968359050661403,
        0.5838569468478866,
        -1.5728897561032378,
        -0.6884523589700772,
        0.5622835897812264,
        0.10586624099445106,
        -1.6572234510479609,
        2.099480262451626
      ],
      [
        3.544074832531784,
        3.1349335580021114,
        3.4097567986928885,
        -0.2530179159594734,
        -0.1515147860093896,
        -2.9094623753468203,
        -2.101231375314622,
        -2.626930076973122,
        -0.11969106117065631,
        -0.889312978258872,
        3.15311073304135,
        3.6845553663749895,
        -0.30557487472862,
        -4.92652165201843,
        2.1973815335775506,
        1.7645301854268038,
        1.2593495936238366
      ],
      [
        -2.3271551294333435,
        -0.2585182419761637,
        -1.14297059697535,
        -2.075507742665245,
        2.1299479901806104,
        -0.3825179169508848,
        1.9685268110160425,
        2.8283009251149824,
        3.9901044604998446,
        -1.8438436141723191,
        3.806410703315879,
        3.6773511319347287,
        1.7404608148399852,
        -1.8618033937866516,
        -1.9807415919889264,
        -0.16980259475813175,
        0.3414940729265932
      ],
      [
        1.4230703383762533,
        -1.7601685623994934,
        -0.007735027357847939,
        -0.7449838154949504,
        -1.0934092420768347,
        -1.770925592015162,
        -3.5014678048135153,
        -4.217597105619171,
        -0.56575722163759,
        3.6159662120350053,
        -3.5571471605863922,
        0.716158977188223,
        3.7091416755437576,
        2.7068452793115876,
        3.6772174463203107,
        1.6067283258542153,
        1.678612345176576
      ],
      [
        -0.4189720527937444,
        -1.781487630087271,
        -3.540364617541482,
        0.7277228945326788,
        -2.003477248610666,
        -4.371217320769343,
        3.263309330677167,
        1.6715772182730992,
        1.0399691004090572,
        -3.0905970277605648,
        -4.9796114633362185,
        -4.960995592042338,
        -2.00891958997654,
        -5.105920573967633,
        -0.047676694900247396,
        -1.5206511652947337,
        -4.830201150588773
      ],
      [
        -1.5269416665439548,
        5.197578411814952,
        0.4400411083333442,
        5.113841269621168,
        -3.8042961324614195,
        2.8599330496295545,
        -3.1055144874541964,
        0.7116986945912678,
        -2.399419617231919,
        -0.8185869550366457,
        -0.7292480352411193,
        -1.2399936133549727,
        -1.647439663980103,
        -0.9599405972776789,
        -2.9068070866254994,
        3.5074652967285678,
        1.0059502970427625
      ],
      [
        -0.9538166824813865,
        4.158331828286021,
        5.1289307223352,
        1.1068534769184897,
        1.6634378428227685,
        -2.813149111548614,
        6.694943861744057,
